"","low_cor","high_cor","low_p","high_p","low_n","high_n"
"LumA",-0.0130162100022714,0.113564213564214,0.86490773574889,0.407990501357309,173,55
"LumB",-0.0656633867129719,-0.0574002574002574,0.582901932166263,0.738763269522549,72,36
"Her2",0.277605779153767,0.0714285714285714,0.263703718319715,0.881994047619048,18,8
"Basal",-0.037950937950938,0.624242424242424,0.782745060426911,0.0602489828244726,55,10
"Normal_and_All",0.2507997265892,0.0178027838365111,0.0291277821511909,0.708538005630303,76,443
