"","low_cor","high_cor","low_p","high_p","low_n","high_n"
"LumA",-0.109604090279098,0.0856421356421356,0.151020137240007,0.53310373892434,173,55
"LumB",-0.0850215447938774,0.0455598455598456,0.476789232880861,0.791405893358412,72,36
"Her2",0.102167182662539,0.261904761904762,0.686448935621915,0.53640873015873,18,8
"Basal",0.0651515151515151,-0.236363636363636,0.635632808403229,0.513898326223936,55,10
"Normal_and_All",-0.0579357484620643,-0.00857909276445991,0.618402290033898,0.857047762205329,76,443
