"","low_cor","high_cor","low_p","high_p","low_n","high_n"
"LumA",-0.0927659909795069,-0.0349206349206349,0.224539034850287,0.799731522801409,173,55
"LumB",-0.139590970480417,0.00128700128700129,0.241626076039836,0.994621753005535,72,36
"Her2",0.521155830753354,0.19047619047619,0.0284109251462966,0.664583333333333,18,8
"Basal",-0.0282106782106782,0.418181818181818,0.837665196284501,0.232418098250503,55,10
"Normal_and_All",-0.0877375256322625,-0.0228218167402871,0.450235811534744,0.631776300747123,76,443
