"","low_cor","high_cor","low_p","high_p","low_n","high_n"
"LumA",-0.11156718320501,0.0856421356421356,0.143802093618662,0.53310373892434,173,55
"LumB",0.0513216284005402,0.118146718146718,0.667891024763229,0.491086576364517,72,36
"Her2",0.469556243550052,-0.476190476190476,0.0510851232183648,0.243055555555556,18,8
"Basal",0.137806637806638,0.248484848484848,0.314760493056957,0.491555497342584,55,10
"Normal_and_All",-0.0499794941900205,0.0347308739952479,0.667468642519343,0.465758011020443,76,443
