"","low_cor","high_cor","low_p","high_p","low_n","high_n"
"LumA",0.0630669676587973,-0.00974025974025974,0.40938377040572,0.943749578434901,173,55
"LumB",-0.197408193452955,-0.000257400257400257,0.09646960565112,0.999402412677321,72,36
"Her2",0.368421052631579,0.547619047619048,0.133077875000402,0.170982142857143,18,8
"Basal",0.106277056277056,0.357575757575757,0.438877905613728,0.312800267381167,55,10
"Normal_and_All",0.110485304169515,0.0163879802705988,0.341289738296258,0.730764165945228,76,443
