"","low_cor","high_cor","low_p","high_p","low_n","high_n"
"LumA",0.000479764150724745,0.125180375180375,0.995008438711712,0.361465213781299,173,55
"LumB",-0.10971766673098,0.162419562419562,0.358088866082587,0.342564509024279,72,36
"Her2",-0.308565531475748,-0.0238095238095238,0.21233038916785,0.976785714285714,18,8
"Basal",-0.146103896103896,-0.115151515151515,0.286285973819878,0.758833070490857,55,10
"Normal_and_All",0.0891592617908407,-0.0262749036484264,0.442906125327182,0.581115229628235,76,443
