"","low_cor","high_cor","low_p","high_p","low_n","high_n"
"LumA",-0.0862787452892723,0.254329004329004,0.258745607366513,0.0611930704806903,173,55
"LumB",-0.175284584217635,0.0774774774774775,0.140601463356205,0.652258530839625,72,36
"Her2",0.219814241486068,0.119047619047619,0.379221854973508,0.793005952380952,18,8
"Basal",0.0592352092352092,-0.272727272727273,0.666683467406994,0.448272158936988,55,10
"Normal_and_All",-0.0513738892686261,-0.0106702414496864,0.65875987088536,0.822723846490088,76,443
