"","low_cor","high_cor","low_p","high_p","low_n","high_n"
"LumA",-0.0467039971075089,0.227705627705628,0.541383126998762,0.0945549340725381,173,55
"LumB",-0.128561322271529,-0.105791505791506,0.281126167580563,0.537778308062311,72,36
"Her2",-0.397316821465428,-0.0952380952380952,0.103596036482681,0.840128968253968,18,8
"Basal",0.211183261183261,0.236363636363636,0.121546406050005,0.513898326223936,55,10
"Normal_and_All",-0.00483937115516063,0.00629014763923807,0.966918099765282,0.894927549882104,76,443
