"","low_cor","high_cor","low_p","high_p","low_n","high_n"
"LumA",0.0230101376250979,0.133116883116883,0.763575129434605,0.331633602700371,173,55
"LumB",-0.0277831371792398,0.272072072072072,0.816443442737041,0.108458004513622,72,36
"Her2",0.316821465428277,0.80952380952381,0.199854666294735,0.0217757936507936,18,8
"Basal",-0.0295093795093795,0.0303030303030303,0.830291435536191,0.94570980835199,55,10
"Normal_and_All",0.0901161995898838,0.0403086507853471,0.438010748987621,0.397214082613117,76,443
