"","low_cor","high_cor","low_p","high_p","low_n","high_n"
"LumA",-0.000442680931345055,-0.0407647907647908,0.995395189621138,0.767062005009745,173,55
"LumB",-0.0858576114219564,0.163449163449163,0.472453240945482,0.339480430200944,72,36
"Her2",0.446852425180599,0.904761904761905,0.0646531876238973,0.00456349206349206,18,8
"Basal",0.0666666666666667,0.309090909090909,0.627777927427285,0.387054968154447,55,10
"Normal_and_All",0.227095010252905,0.0377795341279606,0.0487141002629723,0.427510998089015,76,443
