"","low_cor","high_cor","low_p","high_p","low_n","high_n"
"LumA",0.0572286783077073,-0.0318181818181818,0.454154507731462,0.817218968006433,173,55
"LumB",0.210206444144318,0.0375804375804376,0.0764288524065765,0.827425040548496,72,36
"Her2",-0.409700722394221,0.0952380952380952,0.0925547758378966,0.840128968253968,18,8
"Basal",0.109379509379509,0.575757575757576,0.425570092222003,0.0877680432613642,55,10
"Normal_and_All",0.112481203007519,0.0630951319438904,0.332597656989474,0.184909624220736,76,443
