"","low_cor","high_cor","low_p","high_p","low_n","high_n"
"LumA",-0.0476055828786776,-0.0393217893217893,0.533598264201907,0.775093371711874,173,55
"LumB",-0.0577529101549939,-0.0110682110682111,0.629174060510184,0.949238242577879,72,36
"Her2",-0.263157894736842,0.261904761904762,0.29018820818759,0.53640873015873,18,8
"Basal",0.134343434343434,0.00606060606060606,0.327166367829138,1,55,10
"Normal_and_All",0.0971975393028024,-0.00279440957969706,0.402750393877752,0.953213399687928,76,443
