"","low_cor","high_cor","low_p","high_p","low_n","high_n"
"LumA",-0.101188517181119,0.000288600288600289,0.185093700669784,0.998535046289552,173,55
"LumB",0.111261174352048,0.22960102960103,0.351334622195549,0.177399298906167,72,36
"Her2",0.0712074303405573,-0.0238095238095238,0.779602966753492,0.976785714285714,18,8
"Basal",0.0362914862914863,0.0181818181818182,0.792035165183824,0.972841176143636,55,10
"Normal_and_All",-0.178345864661654,0.00984606661143642,0.123082049038643,0.836215237666345,76,443
