"","low_cor","high_cor","low_p","high_p","low_n","high_n"
"LumA",0.0319981829222504,-0.0411255411255411,0.675708468988786,0.765057947454973,173,55
"LumB",0.0388127853881279,0.00411840411840412,0.745657935154027,0.981476401152433,72,36
"Her2",0.0113519091847265,0.238095238095238,0.967202665762875,0.582142857142857,18,8
"Basal",0.134343434343434,-0.260606060606061,0.327166367829138,0.469675250206491,55,10
"Normal_and_All",0.143841421736159,0.0529209689347785,0.214620426586282,0.266243926690894,76,443
