"","low_cor","high_cor","low_p","high_p","low_n","high_n"
"LumA",0.0165460689469756,0.215728715728716,0.828772535694209,0.113593378892348,173,55
"LumB",-0.00688147147726542,-0.438867438867439,0.954239136319504,0.00790951496638461,72,36
"Her2",-0.0423116615067079,-0.0714285714285714,0.869325942090177,0.881994047619048,18,8
"Basal",-0.161544011544012,-0.0181818181818182,0.237964910664994,0.972841176143636,55,10
"Normal_and_All",-0.139548872180451,-0.0388571313415292,0.228727392599785,0.41444126257024,76,443
