"","low_cor","high_cor","low_p","high_p","low_n","high_n"
"LumA",0.0584176590290686,-0.0569264069264069,0.444820756728432,0.678957816113376,173,55
"LumB",0.170075245996527,-0.153925353925354,0.152929161347231,0.368664748979134,72,36
"Her2",-0.0732714138286894,-0.357142857142857,0.773283851267199,0.389384920634921,18,8
"Basal",0.144733044733045,0.151515151515151,0.290869061493923,0.681807643477163,55,10
"Normal_and_All",0.0278058783321941,0.0371415612419463,0.811190613348124,0.435360245857046,76,443
