"","low_cor","high_cor","low_p","high_p","low_n","high_n"
"LumA",0.0766162489396517,0.0688311688311688,0.316063511887993,0.616628071682263,173,55
"LumB",-0.125184899350441,0.0198198198198198,0.294034557198888,0.908762333095897,72,36
"Her2",-0.0732714138286894,-0.0476190476190476,0.773283851267199,0.934871031746032,18,8
"Basal",0.151803751803752,0.648484848484848,0.267744024704173,0.0490426316833765,55,10
"Normal_and_All",0.041285030758715,0.0612438787315962,0.722729241235968,0.198152512616715,76,443
