"","low_cor","high_cor","low_p","high_p","low_n","high_n"
"LumA",-0.0770264820540395,0.11998556998557,0.313473455796794,0.381854592892068,173,55
"LumB",-0.133770660492636,-0.173745173745174,0.261963186794849,0.309591826560755,72,36
"Her2",0.269349845201238,0.238095238095238,0.278641213072873,0.582142857142857,18,8
"Basal",-0.0556277056277056,0.684848484848485,0.685899192827619,0.0350915379341639,55,10
"Normal_and_All",0.296705399863295,-0.0110558961973117,0.009478298798133,0.816428494162178,76,443
