"","low_cor","high_cor","low_p","high_p","low_n","high_n"
"LumA",-0.0160732578998846,-0.0767676767676768,0.833593625799116,0.57649522742234,173,55
"LumB",-0.168596051193003,0.145945945945946,0.15657286072679,0.394241260175481,72,36
"Her2",0.382868937048504,0.738095238095238,0.117667294260672,0.0458333333333333,18,8
"Basal",0.155483405483405,0.00606060606060606,0.256212624664505,1,55,10
"Normal_and_All",0.0263568010936432,0.00964537154950115,0.820865955028076,0.839507980162605,76,443
