"","low_cor","high_cor","low_p","high_p","low_n","high_n"
"LumA",0.0450282991317891,-0.0736652236652237,0.556000208548928,0.592039792544656,173,55
"LumB",-0.163193774519262,-0.0501930501930502,0.170431072054958,0.770682470487041,72,36
"Her2",-0.0835913312693498,0.214285714285714,0.7419053263388,0.619097222222222,18,8
"Basal",0.0126262626262626,-0.224242424242424,0.927061279334201,0.536688086753551,55,10
"Normal_and_All",0.229637730690362,-0.0200488017510989,0.0461942207637709,0.673763225529959,76,443
