"","low_cor","high_cor","low_p","high_p","low_n","high_n"
"LumA",0.107919121498533,-0.0351370851370851,0.157431453515569,0.798515021568273,173,55
"LumB",-0.0044697408193453,-0.0743886743886744,0.970305098483562,0.665309662574128,72,36
"Her2",0.128998968008256,0.238095238095238,0.609108913813732,0.582142857142857,18,8
"Basal",0.0424963924963925,-0.187878787878788,0.757456664272115,0.607566897460635,55,10
"Normal_and_All",0.00792891319207109,0.029217695065524,0.945764063643827,0.539497932669043,76,443
