"","low_cor","high_cor","low_p","high_p","low_n","high_n"
"LumA",0.0114726209955917,-0.0277056277056277,0.880802765957234,0.840536580060932,173,55
"LumB",-0.0355328316933565,0.179407979407979,0.766517279765843,0.293893025432315,72,36
"Her2",0.192982456140351,0.595238095238095,0.441356388027162,0.132291666666667,18,8
"Basal",-0.024963924963925,-0.103030303030303,0.856159412580195,0.785018103976204,55,10
"Normal_and_All",0.221872863978127,-0.0026717012509072,0.0542461549870379,0.955265749317809,76,443
