"","low_cor","high_cor","low_p","high_p","low_n","high_n"
"LumA",0.0066008130495849,0.0012987012987013,0.931253899844531,0.992675328124223,173,55
"LumB",-0.178596694321178,0.0759330759330759,0.133163859612259,0.658771531998564,72,36
"Her2",-0.0361197110423117,-0.238095238095238,0.888797701172115,0.582142857142857,18,8
"Basal",0.132900432900433,0.296969696969697,0.332425924738486,0.406950227375658,55,10
"Normal_and_All",-0.0358441558441558,0.00348055480176049,0.758071958461699,0.941743409588858,76,443
