"","low_cor","high_cor","low_p","high_p","low_n","high_n"
"LumA",-0.0494643792500846,-0.00490620490620491,0.517727601967152,0.971753083719759,173,55
"LumB",-0.190623191202007,0.0483912483912484,0.10865735404999,0.778723645232743,72,36
"Her2",0.30030959752322,-0.452380952380952,0.225317751858876,0.267460317460317,18,8
"Basal",0.0893217893217893,0.587878787878788,0.515598967760292,0.0802150639781516,55,10
"Normal_and_All",0.2619002050581,-0.0155204641328662,0.0225528292541303,0.744506368597048,76,443
