"","low_cor","high_cor","low_p","high_p","low_n","high_n"
"LumA",0.00858476528639834,-0.167027417027417,0.910663878091981,0.222246695791494,173,55
"LumB",-0.181329989066821,0.141570141570142,0.127254813452136,0.408696769897189,72,36
"Her2",-0.0773993808049536,0.333333333333333,0.760687928044681,0.427876984126984,18,8
"Basal",0.0994227994227994,0.284848484848485,0.469092902402512,0.427359698875701,55,10
"Normal_and_All",0.0076555023923445,-0.0182342644167103,0.947634799809703,0.701807521350836,76,443
