"","low_cor","high_cor","low_p","high_p","low_n","high_n"
"LumA",0.0761596618010393,-0.126046176046176,0.318962592299523,0.358133147947455,173,55
"LumB",-0.00813557141938388,-0.280823680823681,0.945891653743214,0.0972326775777162,72,36
"Her2",-0.153766769865841,-0.0476190476190476,0.541140264466277,0.934871031746032,18,8
"Basal",0.0577922077922078,0.212121212121212,0.674344949976905,0.559908079271241,55,10
"Normal_and_All",0.129569377990431,0.0057338882860062,0.264000122130694,0.904172707675957,76,443
