"","low_cor","high_cor","low_p","high_p","low_n","high_n"
"LumA",0.0149213603979029,-0.191197691197691,0.845364822769754,0.161640753197166,173,55
"LumB",-0.0952472827834588,-0.0370656370656371,0.425253115989489,0.829761808810073,72,36
"Her2",-0.166150670794634,0.238095238095238,0.508539186272577,0.582142857142857,18,8
"Basal",-0.0738816738816739,-0.0666666666666667,0.590949200854957,0.864753528804526,55,10
"Normal_and_All",0.289159261790841,-0.054385463162518,0.0115360412685696,0.253223803201194,76,443
