"","low_cor","high_cor","low_p","high_p","low_n","high_n"
"LumA",0.0121099888286802,-0.084992784992785,0.874233344363227,0.536223061550293,173,55
"LumB",-0.0835745063991254,0.175546975546976,0.484344222280495,0.30453973582849,72,36
"Her2",0.547987616099071,0.404761904761905,0.020289797305034,0.326835317460317,18,8
"Basal",0.0849206349206349,0.0787878787878788,0.536570207116239,0.83800409458326,55,10
"Normal_and_All",0.144552289815448,0.0408741581228635,0.212345190435654,0.390620762809384,76,443
