"","low_cor","high_cor","low_p","high_p","low_n","high_n"
"LumA",-0.0161659659483338,-0.166450216450216,0.832647818017543,0.223866111771984,173,55
"LumB",-0.187246768280918,-0.00334620334620335,0.115152872896136,0.985061159939792,72,36
"Her2",0.281733746130031,0.380952380952381,0.2564312774108,0.359871031746032,18,8
"Basal",-0.147763347763348,0.333333333333333,0.280802230961752,0.348846243872153,55,10
"Normal_and_All",0.0521941216678059,-0.0512524669343153,0.653658177645871,0.281629144204408,76,443
