"","low_cor","high_cor","low_p","high_p","low_n","high_n"
"LumA",0.110100078338301,-0.115512265512266,0.149171070754052,0.399953552008085,173,55
"LumB",-0.10135700045019,0.187644787644788,0.396054687870123,0.271996205448706,72,36
"Her2",0.18266253869969,0.833333333333333,0.466618171105098,0.0153769841269841,18,8
"Basal",0.0957431457431457,0.00606060606060606,0.485766471544525,1,55,10
"Normal_and_All",0.219193438140807,0.0491390954808828,0.0572789466553246,0.301964724452609,76,443
