"","low_cor","high_cor","low_p","high_p","low_n","high_n"
"LumA",0.0142098261260551,-0.00591630591630592,0.852653310991846,0.965897657214884,173,55
"LumB",-0.0378159367161875,0.155212355212355,0.751978940657995,0.364635140024142,72,36
"Her2",0.302373581011352,0.595238095238095,0.222022688948552,0.132291666666667,18,8
"Basal",-0.0571428571428571,-0.151515151515151,0.6778034874806,0.681807643477163,55,10
"Normal_and_All",0.206999316473001,-0.0108876380951803,0.0728814638659489,0.819173679120865,76,443
