"","low_cor","high_cor","low_p","high_p","low_n","high_n"
"LumA",-0.0925203146511165,0.232539682539683,0.225772941420261,0.0876195348537608,173,55
"LumB",-0.117210109974918,0.0803088803088803,0.326052142281548,0.640384674783549,72,36
"Her2",-0.360165118679051,0.285714285714286,0.142507259722734,0.500793650793651,18,8
"Basal",0.0885281385281385,0.139393939393939,0.519349655943225,0.707203785571239,55,10
"Normal_and_All",-0.0815037593984962,-0.0213956947458474,0.483159860775502,0.653232541896696,76,443
