"","low_cor","high_cor","low_p","high_p","low_n","high_n"
"LumA",-0.0753809141940658,0.184920634920635,0.323946984395921,0.176055640613191,173,55
"LumB",0.0349861727442279,-0.0911196911196911,0.770010539476322,0.595882078043599,72,36
"Her2",0.228070175438596,0.380952380952381,0.361166556697371,0.359871031746032,18,8
"Basal",-0.0445887445887446,-0.0545454545454545,0.745899062898161,0.891638843953117,55,10
"Normal_and_All",-0.0702118933697881,-0.0116908324317699,0.545932237388603,0.806089792721591,76,443
