"","low_cor","high_cor","low_p","high_p","low_n","high_n"
"LumA",0.0415934659367453,-0.120995670995671,0.586546752041409,0.377836860748196,173,55
"LumB",-0.125442150620619,0.0965250965250965,0.293037519983537,0.574155257872227,72,36
"Her2",-0.0897832817337461,0.333333333333333,0.723264949800378,0.427876984126984,18,8
"Basal",0.0363636363636364,-0.490909090909091,0.791630635719389,0.154442672733181,55,10
"Normal_and_All",-0.173943950786056,-0.0304907422156128,0.13272240123529,0.521967366278064,76,443
