"","low_cor","high_cor","low_p","high_p","low_n","high_n"
"LumA",0.0599519772309033,0.12972582972583,0.432938232461441,0.344183878969307,173,55
"LumB",0.02948742684417,-0.0203346203346203,0.805393144455801,0.906387516150525,72,36
"Her2",-0.0980392156862745,0.380952380952381,0.698648866851906,0.359871031746032,18,8
"Basal",0.0367965367965368,0.442424242424242,0.789204615669625,0.204200583289326,55,10
"Normal_and_All",0.035187969924812,0.0460784267715618,0.762369912829755,0.333103135797099,76,443
