"","low_cor","high_cor","low_p","high_p","low_n","high_n"
"LumA",0.0378109775600169,0.0632756132756133,0.621051696339506,0.645413690974371,173,55
"LumB",-0.0929963341694,0.333333333333333,0.436314389705869,0.0475208068386578,72,36
"Her2",-0.0670794633642931,0.0476190476190476,0.792281643563193,0.934871031746032,18,8
"Basal",0.194516594516595,0.103030303030303,0.154380852783154,0.785018103976205,55,10
"Normal_and_All",0.164866712235133,0.0663259911699694,0.154405033976801,0.163381481173146,76,443
