"","low_cor","high_cor","low_p","high_p","low_n","high_n"
"LumA",-0.0145343042956274,0.0181096681096681,0.849327981210581,0.895445754565595,173,55
"LumB",-0.0699080326709113,0.331016731016731,0.558735085718618,0.0491573204641257,72,36
"Her2",0.0464396284829721,0.333333333333333,0.856385000045811,0.427876984126984,18,8
"Basal",0.199134199134199,-0.127272727272727,0.14468715231092,0.732886836413125,55,10
"Normal_and_All",0.148954203691046,0.0368761302900195,0.198637686591086,0.438650229057357,76,443
