"","low_cor","high_cor","low_p","high_p","low_n","high_n"
"LumA",0.0404809693553546,0.16038961038961,0.596603432875053,0.241369515960774,173,55
"LumB",0.321049585182327,0.016988416988417,0.00617080440944231,0.921837381817248,72,36
"Her2",-0.411764705882353,-0.428571428571429,0.0908030530633268,0.299206349206349,18,8
"Basal",0.18023088023088,0.0787878787878788,0.187421841253109,0.83800409458326,55,10
"Normal_and_All",-0.0291729323308271,0.0726666576487317,0.802088866397696,0.126689123103791,76,443
