"","low_cor","high_cor","low_p","high_p","low_n","high_n"
"LumA",-0.00943536163091999,-0.00281385281385281,0.901853557462799,0.98388657257706,173,55
"LumB",0.241687568332369,0.0792792792792793,0.041063095540933,0.644692345993684,72,36
"Her2",-0.236326109391125,0.5,0.343622852543176,0.216170634920635,18,8
"Basal",-0.0643578643578644,0.527272727272727,0.639763411173693,0.12280318761783,55,10
"Normal_and_All",0.0156937799043062,0.035342759283803,0.892796549195159,0.457932902256961,76,443
