"","low_cor","high_cor","low_p","high_p","low_n","high_n"
"LumA",-0.0432737993148875,-0.173809523809524,0.571506791987658,0.203831243665563,173,55
"LumB",0.235384912213004,-0.11969111969112,0.0467644650938805,0.48540207011211,72,36
"Her2",0.209494324045408,0.428571428571429,0.402501399987892,0.299206349206349,18,8
"Basal",-0.0859307359307359,0.418181818181818,0.531720262155656,0.232418098250503,55,10
"Normal_and_All",0.0996855775803144,-0.0154852665807386,0.390770995008793,0.74506567853158,76,443
