"","low_cor","high_cor","low_p","high_p","low_n","high_n"
"LumA",-0.0271031979641313,0.0240981240981241,0.723106260921691,0.861104722046866,173,55
"LumB",0.164544343687697,-0.0903474903474904,0.166884630212479,0.599015253146675,72,36
"Her2",0.376676986584107,-0.404761904761905,0.124104416678016,0.326835317460317,18,8
"Basal",0.040981240981241,-0.236363636363636,0.765859386556449,0.513898326223936,55,10
"Normal_and_All",0.00924128503075872,0.0280030344430822,0.936788807458406,0.556494256424176,76,443
