"","low_cor","high_cor","low_p","high_p","low_n","high_n"
"LumA",0.0713712910986367,0.315656565656566,0.350403359831537,0.0192763371439255,173,55
"LumB",0.166602353849122,0.0398970398970399,0.161585876722364,0.816928139357247,72,36
"Her2",0.13312693498452,0.0238095238095238,0.597538336684553,0.976785714285714,18,8
"Basal",-0.122005772005772,-0.0666666666666667,0.373844723713342,0.864753528804526,55,10
"Normal_and_All",-0.158796992481203,0.0806047408756212,0.170316070916305,0.0901659345781731,76,443
