"","low_cor","high_cor","low_p","high_p","low_n","high_n"
"LumA",-0.0471513134412764,-0.0207792207792208,0.537513681560172,0.880109538818968,173,55
"LumB",0.193420798765194,-0.246332046332046,0.103494414217082,0.147225141469799,72,36
"Her2",0.116615067079463,-0.690476190476191,0.64436223784436,0.0693948412698413,18,8
"Basal",0.140909090909091,-0.187878787878788,0.303907379113994,0.607566897460635,55,10
"Normal_and_All",0.000164046479835954,0.0180419891613624,0.99896882850085,0.704803898378504,76,443
