"","low_cor","high_cor","low_p","high_p","low_n","high_n"
"LumA",-0.13778270160524,0.0937229437229437,0.0706797801663418,0.495052265828098,173,55
"LumB",0.193452955173966,-0.208236808236808,0.103436205201218,0.222080159982532,72,36
"Her2",0.17234262125903,-0.452380952380952,0.492606881943374,0.267460317460317,18,8
"Basal",0.141774891774892,-0.175757575757576,0.300922553693301,0.631967363906088,55,10
"Normal_and_All",0.00574162679425837,0.0114339593160467,0.960737346682542,0.810268510562615,76,443
