"","low_cor","high_cor","low_p","high_p","low_n","high_n"
"LumA",-0.129457518854499,-0.244660894660895,0.0895858781924595,0.0719877995147539,173,55
"LumB",0.108688661650267,-0.0810810810810811,0.362636034995858,0.63716158463248,72,36
"Her2",0.265221878224974,0.238095238095238,0.286306454715305,0.582142857142857,18,8
"Basal",0.123953823953824,-0.163636363636364,0.366218076952517,0.656721421523199,55,10
"Normal_and_All",0.0909364319890636,-0.0454724767565028,0.433839213667094,0.339504776043629,76,443
