"","low_cor","high_cor","low_p","high_p","low_n","high_n"
"LumA",0.0140939410654936,-0.11984126984127,0.853841562709154,0.382430640776052,173,55
"LumB",0.000707440992989903,-0.0800514800514801,0.995389299869787,0.641460501580642,72,36
"Her2",-0.186790505675955,0.761904761904762,0.45642497770131,0.0367559523809524,18,8
"Basal",-0.0582251082251082,0.115151515151515,0.672042988649259,0.758833070490857,55,10
"Normal_and_All",0.0688174982911825,-0.0124735983851639,0.553950962972482,0.793390529069457,76,443
