"","low_cor","high_cor","low_p","high_p","low_n","high_n"
"LumA",-0.107726752298001,-0.105627705627706,0.158176257042132,0.441692572108567,173,55
"LumB",-0.00289407678950415,-0.175546975546976,0.980808336438552,0.30453973582849,72,36
"Her2",-0.213622291021672,0,0.393095591747222,1,18,8
"Basal",0.0958874458874459,-0.187878787878788,0.485106748982131,0.607566897460635,55,10
"Normal_and_All",0.057799043062201,-0.0551698854713063,0.619232154087489,0.246434793975839,76,443
