"","low_cor","high_cor","low_p","high_p","low_n","high_n"
"LumA",0.0195312681070407,-0.315367965367965,0.798488303094037,0.0193916339256731,173,55
"LumB",0.0409351083670976,-0.241956241956242,0.732256754258072,0.154722803252336,72,36
"Her2",-0.137254901960784,0.214285714285714,0.586061861133329,0.619097222222222,18,8
"Basal",-0.0497113997113997,0.2,0.717842715549312,0.583540584566421,55,10
"Normal_and_All",0.177470950102529,-0.0370442503625348,0.124953972551287,0.436564750050566,76,443
