"","low_cor","high_cor","low_p","high_p","low_n","high_n"
"LumA",-0.0803245708776208,-0.0564213564213564,0.293156071686555,0.68165411355682,173,55
"LumB",-0.00929320213518554,-0.0746460746460747,0.938191449025463,0.66421824689425,72,36
"Her2",-0.114551083591331,-0.333333333333333,0.650313647303203,0.427876984126984,18,8
"Basal",0.0150793650793651,0.163636363636364,0.91290059375958,0.656721421523199,55,10
"Normal_and_All",0.12308954203691,-0.0427209943874397,0.288786053665348,0.369554492533745,76,443
