"","low_cor","high_cor","low_p","high_p","low_n","high_n"
"LumA",-0.0238097445429725,0.0388888888888889,0.755614702093142,0.777507424044056,173,55
"LumB",0.109621197504663,0.0630630630630631,0.358513657676663,0.713982893612399,72,36
"Her2",0.333333333333333,0.333333333333333,0.176416157919719,0.427876984126984,18,8
"Basal",0.0253246753246753,-0.406060606060606,0.854100486127219,0.247370787611931,55,10
"Normal_and_All",0.000847573479152427,0.046341235160781,0.994281731961404,0.330350982987172,76,443
