"","low_cor","high_cor","low_p","high_p","low_n","high_n"
"LumA",-0.125658806569292,-0.0660894660894661,0.0994622242119965,0.630765461037079,173,55
"LumB",0.123512766094283,-0.226512226512227,0.300569796010084,0.183424123537545,72,36
"Her2",0.248710010319917,-0.0952380952380952,0.318276513525134,0.840128968253968,18,8
"Basal",0.125252525252525,-0.333333333333333,0.36118681737916,0.348846243872153,55,10
"Normal_and_All",0.134846206425154,-0.0705750948746567,0.244914267040527,0.138009460442723,76,443
