"","low_cor","high_cor","low_p","high_p","low_n","high_n"
"LumA",-0.0942956737789191,0.0151515151515152,0.216963855854046,0.912484490683388,173,55
"LumB",0.171200720303557,0.0306306306306306,0.150199566870997,0.859088060754063,72,36
"Her2",0.360165118679051,0.476190476190476,0.142507259722734,0.243055555555556,18,8
"Basal",0.231240981240981,0.127272727272727,0.0894420783173731,0.732886836413125,55,10
"Normal_and_All",0.105782638414217,0.0638824528746186,0.362329785933671,0.179479915147644,76,443
