"","low_cor","high_cor","low_p","high_p","low_n","high_n"
"LumA",-0.024618622265692,-0.0754689754689755,0.747588122350682,0.582979312133101,173,55
"LumB",-0.108817287285356,0.0851994851994852,0.362065701685808,0.620084862546077,72,36
"Her2",-0.397316821465428,0.523809523809524,0.103596036482681,0.196626984126984,18,8
"Basal",0.053968253968254,0.321212121212121,0.694806553218488,0.367683999158498,55,10
"Normal_and_All",0.0139712918660287,-0.0229456293060064,0.904514084084632,0.629927697467895,76,443
