"","low_cor","high_cor","low_p","high_p","low_n","high_n"
"LumA",-0.0189935614260352,-0.0244588744588745,0.803922445844473,0.85904351725766,173,55
"LumB",0.107305936073059,0.106563706563707,0.36880202248213,0.534798223236041,72,36
"Her2",0.110423116615067,0.380952380952381,0.662278717000652,0.359871031746032,18,8
"Basal",-0.104834054834055,-0.333333333333333,0.445146415195994,0.348846243872153,55,10
"Normal_and_All",0.0202050580997949,0.0177659299289893,0.862223097337941,0.709113936801212,76,443
