"","low_cor","high_cor","low_p","high_p","low_n","high_n"
"LumA",-0.0534994970588372,-0.0704184704184704,0.484129494919645,0.608505974017874,173,55
"LumB",0.0641520355006753,0.0718146718146718,0.591621096597471,0.676261241190879,72,36
"Her2",0.18266253869969,-0.30952380952381,0.466618171105098,0.461805555555556,18,8
"Basal",-0.0497835497835498,-0.163636363636364,0.717450103208054,0.656721421523199,55,10
"Normal_and_All",0.01634996582365,-0.00814747415464452,0.888338641823506,0.864168264926809,76,443
