"","low_cor","high_cor","low_p","high_p","low_n","high_n"
"LumA",-0.095299238403382,-0.0503607503607504,0.212094355994039,0.714311841826306,173,55
"LumB",0.0327995369477137,0.157271557271557,0.784028891021483,0.358243370041973,72,36
"Her2",-0.0402476780185759,0.523809523809524,0.875808882587383,0.196626984126984,18,8
"Basal",0.0351370851370851,0.00606060606060606,0.798515021568272,1,55,10
"Normal_and_All",0.0383868762816131,0.00581422152262678,0.741487917734986,0.90283672002488,76,443
