"","low_cor","high_cor","low_p","high_p","low_n","high_n"
"LumA",0.000336066675628445,-0.0104617604617605,0.996507104158262,0.939574954904531,173,55
"LumB",-0.0361438034600296,-0.125096525096525,0.762618569883816,0.465780624605471,72,36
"Her2",0.215686274509804,0.142857142857143,0.388439571347768,0.75203373015873,18,8
"Basal",-0.0265512265512266,0.127272727272727,0.847107488125929,0.732886836413125,55,10
"Normal_and_All",0.144853041695147,-0.015317560597072,0.211387773093692,0.747732462675164,76,443
