"","low_cor","high_cor","low_p","high_p","low_n","high_n"
"LumA",-0.138957776119334,-0.173376623376623,0.0682944371593145,0.204973180119013,173,55
"LumB",-0.0191009068107274,0.153153153153153,0.873251687448353,0.371095319167002,72,36
"Her2",0.190918472652219,-0.119047619047619,0.446349533246183,0.793005952380952,18,8
"Basal",-0.0478354978354978,-0.478787878787879,0.728075969711342,0.166058037179348,55,10
"Normal_and_All",0.076555023923445,-0.0737641311270311,0.51018613350439,0.121044797113306,76,443
