"","low_cor","high_cor","low_p","high_p","low_n","high_n"
"LumA",0.056693289327913,0.0118326118326118,0.458392974227856,0.931647738584038,173,55
"LumB",0.158466782429738,0.135392535392535,0.183281033188547,0.429615181342114,72,36
"Her2",-0.0485036119711042,-0.30952380952381,0.849927794799856,0.461805555555556,18,8
"Basal",-0.0458874458874459,0.00606060606060606,0.738753242876029,1,55,10
"Normal_and_All",0.122187286397813,0.0424079432179286,0.292355859980955,0.373074916085647,76,443
