"","low_cor","high_cor","low_p","high_p","low_n","high_n"
"LumA",0.0466205598639046,-0.161904761904762,0.54210641482128,0.236907809705748,173,55
"LumB",-0.0491993054215705,0.167052767052767,0.680867398633183,0.328822281206367,72,36
"Her2",0.0423116615067079,0.904761904761905,0.869325942090176,0.00456349206349206,18,8
"Basal",0.0375901875901876,0.00606060606060606,0.784762119467568,1,55,10
"Normal_and_All",0.199699248120301,0.0304449163830388,0.083753371166304,0.52259330663816,76,443
