"","low_cor","high_cor","low_p","high_p","low_n","high_n"
"LumA",0.125253208857327,-0.265873015873016,0.100565842870269,0.050061798459411,173,55
"LumB",-0.193581580809055,-0.0651222651222651,0.103203625053259,0.70504216302466,72,36
"Her2",0.116615067079463,-0.714285714285714,0.64436223784436,0.0575892857142857,18,8
"Basal",0.184054834054834,-0.224242424242424,0.178115241994642,0.536688086753551,55,10
"Normal_and_All",-0.169131920710868,-0.0109226976176916,0.143908115138081,0.818601488206547,76,443
