"","low_cor","high_cor","low_p","high_p","low_n","high_n"
"LumA",0.0726274851551238,-0.317171717171717,0.341972087849509,0.0186805888743599,173,55
"LumB",-0.167149012798251,-0.0265122265122265,0.160199629695951,0.877958643221768,72,36
"Her2",-0.116615067079463,-0.5,0.644362237844361,0.216170634920635,18,8
"Basal",0.27034632034632,0.00606060606060606,0.0462212258993894,1,55,10
"Normal_and_All",-0.158988380041012,-0.0331689308584807,0.169796580195656,0.48606490439383,76,443
