"","low_cor","high_cor","low_p","high_p","low_n","high_n"
"LumA",-0.0257890613773635,0.0303751803751804,0.736021906901349,0.825383667836004,173,55
"LumB",-0.071065663386713,-0.277477477477478,0.552228253868573,0.101413722828123,72,36
"Her2",-0.0546955624355005,0.690476190476191,0.830613987737703,0.0693948412698413,18,8
"Basal",0.0774170274170274,-0.272727272727273,0.573265719900718,0.448272158936988,55,10
"Normal_and_All",0.152399179767601,-0.0247255212067322,0.188363198697342,0.603612547531967,76,443
