"","low_cor","high_cor","low_p","high_p","low_n","high_n"
"LumA",-0.053045227621436,-0.225757575757576,0.487852322098753,0.0974685541000592,173,55
"LumB",-0.184770724805454,-0.0584298584298584,0.120104196165322,0.734237326766691,72,36
"Her2",0.0423116615067079,-0.380952380952381,0.869325942090176,0.359871031746032,18,8
"Basal",-0.201298701298701,-0.163636363636364,0.140303510604977,0.656721421523199,55,10
"Normal_and_All",0.390840738209159,-0.0952514775380265,0.000530306546706762,0.0451320269071827,76,443
