"","low_cor","high_cor","low_p","high_p","low_n","high_n"
"LumA",0.00260509616142325,-0.011976911976912,0.972847554614726,0.930813667230022,173,55
"LumB",-0.156858961991125,-0.198712998712999,0.187808764690432,0.244315139709216,72,36
"Her2",0.0196078431372549,-0.619047619047619,0.940999520326318,0.114980158730159,18,8
"Basal",0.0845598845598845,-0.418181818181818,0.538307592960278,0.232418098250503,55,10
"Normal_and_All",-0.11917976760082,-0.0531042722650743,0.304465176328988,0.26458955974135,76,443
