"","low_cor","high_cor","low_p","high_p","low_n","high_n"
"LumA",0.0220042552994238,0.0518037518037518,0.77362439245653,0.706486950759461,173,55
"LumB",0.0218985143739147,-0.0996138996138996,0.854861894717413,0.561905180368913,72,36
"Her2",0.27141382868937,0.19047619047619,0.274857725846631,0.664583333333333,18,8
"Basal",-0.198989898989899,-0.345454545454545,0.144983004311186,0.330549465992496,55,10
"Normal_and_All",0.0556390977443609,0.00350788466576543,0.632406898308928,0.941286781837771,76,443
