"","low_cor","high_cor","low_p","high_p","low_n","high_n"
"LumA",-0.0958531689928661,-0.00454545454545455,0.209440411846562,0.973844684773847,173,55
"LumB",0.0751173708920188,-0.155212355212355,0.529746848708552,0.364635140024143,72,36
"Her2",-0.0959752321981424,0.238095238095238,0.704776371458584,0.582142857142857,18,8
"Basal",-0.13989898989899,0.0181818181818182,0.307413914785242,0.972841176143636,55,10
"Normal_and_All",0.0411756664388243,-0.0331164796043298,0.723434225043379,0.486755015946445,76,443
