"","low_cor","high_cor","low_p","high_p","low_n","high_n"
"LumA",-0.0185369742874228,0.00223665223665224,0.808544195671539,0.987234500907682,173,55
"LumB",0.0831886294938581,-0.0108108108108108,0.486369614594551,0.950431131414557,72,36
"Her2",0.0897832817337461,0.380952380952381,0.723264949800378,0.359871031746032,18,8
"Basal",-0.216161616161616,-0.357575757575757,0.112857369905686,0.312800267381167,55,10
"Normal_and_All",0.264853041695147,-0.0140781926733328,0.0210343887334301,0.767531816079795,76,443
