"","low_cor","high_cor","low_p","high_p","low_n","high_n"
"LumA",-0.0484677677292554,0.0780663780663781,0.526206547892872,0.570044635165076,173,55
"LumB",-0.0217698887388257,-0.108622908622909,0.855705781386298,0.526890925932096,72,36
"Her2",0.0196078431372549,0.19047619047619,0.940999520326318,0.664583333333333,18,8
"Basal",-0.096031746031746,-0.357575757575757,0.484447501614143,0.312800267381167,55,10
"Normal_and_All",0.0513465481886534,-0.00164144819569066,0.658930198626513,0.972507527419165,76,443
