"","low_cor","high_cor","low_p","high_p","low_n","high_n"
"LumA",-0.122706055226184,0.123088023088023,0.107719762459575,0.36959589728661,173,55
"LumB",-0.0115441507492443,-0.124324324324324,0.923235730766432,0.468557326130564,72,36
"Her2",-0.289989680082559,0.476190476190476,0.242278060261314,0.243055555555556,18,8
"Basal",-0.158441558441558,0.0787878787878788,0.247190572693777,0.83800409458326,55,10
"Normal_and_All",0.0852494873547505,-0.00830248141362203,0.46322411539505,0.861609780025011,76,443
