"","low_cor","high_cor","low_p","high_p","low_n","high_n"
"LumA",-0.0805123046757304,0.0206349206349206,0.292026593182074,0.88093745092978,173,55
"LumB",0.0842176345745707,0.0401544401544402,0.480978589998578,0.815763739668175,72,36
"Her2",0.0299277605779154,0.476190476190476,0.908332230183936,0.243055555555556,18,8
"Basal",-0.271789321789322,-0.103030303030303,0.0450353580301389,0.785018103976204,55,10
"Normal_and_All",0.154395078605605,-0.021427165498338,0.182590050861337,0.652755874358437,76,443
