"","low_cor","high_cor","low_p","high_p","low_n","high_n"
"LumA",0.0218628755255388,-0.082972582972583,0.775039915543779,0.545984751993742,173,55
"LumB",-0.0761142195639591,-0.273101673101673,0.524286729583131,0.107088196890106,72,36
"Her2",-0.0835913312693498,-0.119047619047619,0.7419053263388,0.793005952380952,18,8
"Basal",-0.137301587301587,-0.127272727272727,0.316550583933528,0.732886836413125,55,10
"Normal_and_All",-0.146548188653452,-0.083431449385506,0.20604886670856,0.0794128310779424,76,443
