"","low_cor","high_cor","low_p","high_p","low_n","high_n"
"LumA",0.0417649758263764,0.0706349206349206,0.585003317746834,0.607402037993256,173,55
"LumB",-0.136536111647051,-0.29034749034749,0.252159649357825,0.0860592332153296,72,36
"Her2",-0.0691434468524252,-0.690476190476191,0.785935689084821,0.0693948412698413,18,8
"Basal",0.0871572871572872,0.115151515151515,0.525860423685289,0.758833070490857,55,10
"Normal_and_All",-0.170936431989064,-0.0454121578142293,0.139632910726197,0.340146302471383,76,443
