"","low_cor","high_cor","low_p","high_p","low_n","high_n"
"LumA",0.0215476681608114,-0.0445165945165945,0.778198504356552,0.746296687249826,173,55
"LumB",0.0109331789825712,-0.00823680823680824,0.927292720698694,0.962365504015493,72,36
"Her2",0.131062951496388,-0.0238095238095238,0.603312003143627,0.976785714285714,18,8
"Basal",-0.185137085137085,-0.115151515151515,0.175543465762078,0.758833070490857,55,10
"Normal_and_All",-0.0745864661654135,0.0163026779677955,0.521149314650924,0.732111695695532,76,443
