"","low_cor","high_cor","low_p","high_p","low_n","high_n"
"LumA",-0.0787902526757861,-0.0461038961038961,0.302496194406151,0.737564398432411,173,55
"LumB",-0.0942504341115184,0.0144144144144144,0.430131675964127,0.93374163922977,72,36
"Her2",-0.153766769865841,-0.80952380952381,0.541140264466277,0.0217757936507936,18,8
"Basal",-0.237012987012987,-0.284848484848485,0.0815652610533066,0.427359698875701,55,10
"Normal_and_All",-0.0334654818865345,-0.115943359270939,0.773686115779648,0.0146597139228007,76,443
