"","low_cor","high_cor","low_p","high_p","low_n","high_n"
"LumA",0.0558658699955037,0.0161616161616162,0.46498646065564,0.906661563877958,173,55
"LumB",-0.153997041610393,-0.132046332046332,0.196068046075647,0.441192360567996,72,36
"Her2",-0.00722394220846233,0.0238095238095238,0.98031829055361,0.976785714285714,18,8
"Basal",-0.0292929292929293,0.345454545454545,0.831519398437017,0.330549465992496,55,10
"Normal_and_All",-0.282406015037594,-0.0154849905215063,0.013697993280261,0.745070065806482,76,443
