"","low_cor","high_cor","low_p","high_p","low_n","high_n"
"LumA",-0.00786859561212807,-0.122582972582973,0.918090347351809,0.371575014876586,173,55
"LumB",-0.128689947906618,-0.250965250965251,0.280642021130674,0.139582572891508,72,36
"Her2",-0.298245614035088,-0.642857142857143,0.228645071612497,0.0961805555555556,18,8
"Basal",-0.0682539682539682,-0.296969696969697,0.619593054873012,0.406950227375658,55,10
"Normal_and_All",-0.145727956254272,-0.111436554272831,0.208620041189991,0.0190094571360012,76,443
