"","low_cor","high_cor","low_p","high_p","low_n","high_n"
"LumA",0.0104111138408481,0.205988455988456,0.891761728515063,0.13114945484585,173,55
"LumB",-0.129815422213647,0.214157014157014,0.276429505381754,0.208986587786914,72,36
"Her2",-0.0485036119711042,-0.0714285714285714,0.849927794799856,0.881994047619048,18,8
"Basal",0.0831168831168831,-0.393939393939394,0.545284639175644,0.262886783524689,55,10
"Normal_and_All",-0.0669583048530417,-0.00951866036184188,0.564730122943552,0.841588339523793,76,443
