"","low_cor","high_cor","low_p","high_p","low_n","high_n"
"LumA",0.0535898874060752,0.00252525252525253,0.483390558059153,0.985560505630007,173,55
"LumB",-0.100135056916844,-0.101930501930502,0.401797063658966,0.552798568348143,72,36
"Her2",-0.21155830753354,-0.476190476190476,0.397782906588435,0.243055555555556,18,8
"Basal",0.0793650793650794,0.442424242424242,0.563627929830188,0.204200583289326,55,10
"Normal_and_All",-0.23095010252905,-0.0154979653054278,0.0449365058929877,0.744863872804745,76,443
