"","low_cor","high_cor","low_p","high_p","low_n","high_n"
"LumA",0.0646522752872791,-0.0336219336219336,0.397692886304212,0.807040425144631,173,55
"LumB",-0.288668081548653,0.262548262548263,0.0141941100440161,0.121770920073837,72,36
"Her2",-0.316821465428277,0.571428571428572,0.199854666294735,0.151140873015873,18,8
"Basal",-0.211688311688312,-0.00606060606060606,0.120642257270817,1,55,10
"Normal_and_All",0.0397265892002734,-0.0532762571668427,0.732796875185552,0.263043783914583,76,443
