"","low_cor","high_cor","low_p","high_p","low_n","high_n"
"LumA",0.0458534007629872,0.0645021645021645,0.548778998078696,0.639011574248244,173,55
"LumB",0.02636825519326,-0.129214929214929,0.825644733198295,0.451121900280028,72,36
"Her2",-0.110423116615067,0.476190476190476,0.662278717000652,0.243055555555556,18,8
"Basal",-0.0117604617604618,0.0666666666666667,0.932064801870631,0.864753528804526,55,10
"Normal_and_All",0.115051264524949,-0.000999196391574562,0.321614423828879,0.9832629193125,76,443
