"","low_cor","high_cor","low_p","high_p","low_n","high_n"
"LumA",-0.0491283125744562,0.0538961038961039,0.52057891425216,0.695194777523635,173,55
"LumB",0.0106759277123931,-0.171943371943372,0.929001489603862,0.314697119044795,72,36
"Her2",-0.0588235294117647,0.214285714285714,0.817790211810118,0.619097222222222,18,8
"Basal",0.0198412698412698,-0.0909090909090909,0.88549322114853,0.811416953056796,55,10
"Normal_and_All",0.115570745044429,-0.0290585469180609,0.319423067966123,0.54170999371392,76,443
