"","low_cor","high_cor","low_p","high_p","low_n","high_n"
"LumA",0.00975288669685859,-0.00836940836940837,0.898567708075636,0.951685438356625,173,55
"LumB",0.109781979548524,-0.016988416988417,0.357805844839539,0.921837381817249,72,36
"Her2",-0.0567595459236326,-0.0476190476190476,0.824196630248086,0.934871031746032,18,8
"Basal",0.00223665223665224,0.175757575757576,0.987234500907682,0.631967363906089,55,10
"Normal_and_All",-0.0704853041695147,0.00570835280701168,0.54436661046977,0.904597434152908,76,443
