"","low_cor","high_cor","low_p","high_p","low_n","high_n"
"LumA",0.137720123672537,0.108585858585859,0.0708086901256842,0.4289522872312,173,55
"LumB",-0.0692327480866937,-0.290862290862291,0.562547582918794,0.0854850886580786,72,36
"Her2",-0.159958720330237,-0.5,0.524718975929255,0.216170634920635,18,8
"Basal",-0.0197691197691198,0.151515151515151,0.885907568131297,0.681807643477163,55,10
"Normal_and_All",-0.256869446343131,-0.0136930900441722,0.0253558881654284,0.773715601060487,76,443
