"","low_cor","high_cor","low_p","high_p","low_n","high_n"
"LumA",0.126196513250298,0.12005772005772,0.0980139623058622,0.381566764391172,173,55
"LumB",-0.0612901151199434,-0.0468468468468469,0.608291215208649,0.785634398929351,72,36
"Her2",0.00722394220846233,-0.0714285714285714,0.98031829055361,0.881994047619048,18,8
"Basal",0.0342712842712843,0.187878787878788,0.803383870296175,0.607566897460635,55,10
"Normal_and_All",0.00374572795625427,0.0300545686284632,0.974412511781831,0.527940659195836,76,443
