"","low_cor","high_cor","low_p","high_p","low_n","high_n"
"LumA",-0.000644320936722122,0.187085137085137,0.993292246854404,0.170982745646783,173,55
"LumB",-0.000482346131584025,-0.270527670527671,0.996890448768918,0.110537766273079,72,36
"Her2",-0.108359133126935,0.476190476190476,0.668291744820372,0.243055555555556,18,8
"Basal",0.132611832611833,-0.224242424242424,0.333484213700364,0.536688086753551,55,10
"Normal_and_All",0.0791250854408749,0.00117697853722286,0.496053984440212,0.980285325308227,76,443
