"","low_cor","high_cor","low_p","high_p","low_n","high_n"
"LumA",-0.0647959727623754,-0.0711399711399711,0.396643160915869,0.6048295964264,173,55
"LumB",-0.0230561450897164,-0.0146718146718147,0.8472743750693,0.93255052535337,72,36
"Her2",0.104231166150671,0.476190476190476,0.680377180273362,0.243055555555556,18,8
"Basal",-0.0265512265512266,-0.151515151515151,0.847107488125929,0.681807643477163,55,10
"Normal_and_All",0.0251537935748462,-0.0406528966481164,0.828918822577846,0.39319254124037,76,443
