"","low_cor","high_cor","low_p","high_p","low_n","high_n"
"LumA",0.0085291404573288,0.0316738816738817,0.911240422039345,0.818034580264246,173,55
"LumB",0.0146311659913821,0.0138996138996139,0.902769411582509,0.936124294934129,72,36
"Her2",0.209494324045408,0.285714285714286,0.402501399987892,0.500793650793651,18,8
"Basal",-0.0256854256854257,0.43030303030303,0.852042531829135,0.218028474590315,55,10
"Normal_and_All",-0.0821872863978127,0.0309469300971094,0.479488084664141,0.51575727678054,76,443
