"","low_cor","high_cor","low_p","high_p","low_n","high_n"
"LumA",-0.0188915825727411,-0.0187590187590188,0.80495413056025,0.891711582219142,173,55
"LumB",-0.137758055180397,0.139253539253539,0.247909044997932,0.416471533541439,72,36
"Her2",0.226006191950464,-0.166666666666667,0.365632627951848,0.703323412698413,18,8
"Basal",-0.196536796536797,0.36969696969697,0.150082094778927,0.295604089197811,55,10
"Normal_and_All",-0.0324265208475735,-0.0210329529145091,0.780534904504048,0.658736913840563,76,443
