"","low_cor","high_cor","low_p","high_p","low_n","high_n"
"LumA",-0.0117716044518405,-0.152092352092352,0.877720067106074,0.266827188879832,173,55
"LumB",-0.025885909061676,0.036036036036036,0.828786997196044,0.834439698231346,72,36
"Her2",-0.312693498452012,0.285714285714286,0.206028882692499,0.500793650793651,18,8
"Basal",-0.264790764790765,0.115151515151515,0.0510292400451017,0.758833070490857,55,10
"Normal_and_All",-0.0946274777853725,-0.0420652156809374,0.415349458093406,0.376952731585141,76,443
