"","low_cor","high_cor","low_p","high_p","low_n","high_n"
"LumA",-0.0261529404675267,-0.0702020202020202,0.732438011124705,0.609610783778667,173,55
"LumB",-0.089523442021995,0.07001287001287,0.453696210865561,0.68396711850839,72,36
"Her2",0.110423116615067,0.619047619047619,0.662278717000652,0.114980158730159,18,8
"Basal",-0.0577200577200577,-0.563636363636364,0.674728901141291,0.0957915691435819,55,10
"Normal_and_All",-0.0704306220095694,-0.0379119045298835,0.544679559969423,0.425892749202521,76,443
