"","low_cor","high_cor","low_p","high_p","low_n","high_n"
"LumA",0.146817100926617,0.0931457431457431,0.0539790023747941,0.497722292703999,173,55
"LumB",-0.12942954530838,0.0108108108108108,0.277868992579479,0.950431131414557,72,36
"Her2",0.0464396284829721,-0.142857142857143,0.856385000045811,0.75203373015873,18,8
"Basal",-0.10021645021645,0.139393939393939,0.465537714755583,0.707203785571239,55,10
"Normal_and_All",0.0269856459330144,0.0199116003126095,0.816663833543925,0.675868580883355,76,443
