"","low_cor","high_cor","low_p","high_p","low_n","high_n"
"LumA",-0.0550361329618831,0.184920634920635,0.471650688986972,0.176055640613191,173,55
"LumB",-0.106116148948485,-0.124839124839125,0.37415867045703,0.466705208353495,72,36
"Her2",0.135190918472652,-0.119047619047619,0.591788196569648,0.793005952380952,18,8
"Basal",-0.0403318903318903,-0.381818181818182,0.76946888739106,0.278965216116317,55,10
"Normal_and_All",0.0457963089542037,-0.0541240350694606,0.693856805588921,0.255515007013676,76,443
