"","low_cor","high_cor","low_p","high_p","low_n","high_n"
"LumA",-0.0240901863895314,-0.0219336219336219,0.752828829409786,0.873490932550704,173,55
"LumB",0.0722554505112869,-0.266409266409266,0.545579049473335,0.116232487467636,72,36
"Her2",-0.238390092879257,-0.0714285714285714,0.339317439034284,0.881994047619048,18,8
"Basal",0.111904761904762,-0.187878787878788,0.414910474127566,0.607566897460635,55,10
"Normal_and_All",0.135228981544771,-0.03305892125438,0.243567884749962,0.487512929880263,76,443
