"","low_cor","high_cor","low_p","high_p","low_n","high_n"
"LumA",0.00219022764461297,0.00858585858585859,0.977172294553322,0.950432076132347,173,55
"LumB",0.0624799022445173,0.193050193050193,0.601335918047629,0.258228804961836,72,36
"Her2",-0.13312693498452,0.523809523809524,0.597538336684554,0.196626984126984,18,8
"Basal",0.0678932178932179,-0.0787878787878788,0.621449253211865,0.83800409458326,55,10
"Normal_and_All",0.131483253588517,0.0174706845799662,0.256964353381997,0.713733819663677,76,443
