"","low_cor","high_cor","low_p","high_p","low_n","high_n"
"LumA",-0.10906174819567,-0.234920634920635,0.153061813954209,0.0843544201492585,173,55
"LumB",-0.0133127532317191,0.218790218790219,0.911503250090155,0.199123638137779,72,36
"Her2",-0.162022703818369,0.476190476190476,0.519298576820994,0.243055555555556,18,8
"Basal",-0.000577200577200577,0.260606060606061,0.996860819678496,0.469675250206491,55,10
"Normal_and_All",-0.0784142173615858,-0.0350689085252888,0.499942185637526,0.461425919675964,76,443
