"","low_cor","high_cor","low_p","high_p","low_n","high_n"
"LumA",-0.0756752622478921,-0.0625541125541126,0.322057109430539,0.649191730336841,173,55
"LumB",0.231397517525243,-0.131531531531532,0.0506987808425285,0.44298867131056,72,36
"Her2",-0.197110423116615,0.285714285714286,0.431460055009119,0.500793650793651,18,8
"Basal",-0.157792207792208,-0.163636363636364,0.249152124639591,0.656721421523199,55,10
"Normal_and_All",0.132713602187286,-0.0438736797122138,0.252509635921746,0.356770343031573,76,443
